{"sections":{"hero_carousel_CmDneU":{"type":"hero-carousel","blocks":{"slide_Q4UPQq":{"type":"slide","settings":{"overlay_color":"#000000","overlay_opacity":10,"overlay_blur":2,"subtitle":"Premium tasarım","title":"MacBook Hub","description":"<p>MacBook'unuz için özel tasarlandı<\/p>","btn_primary_text":"İncele","btn_primary_url":"shopify:\/\/products\/6-in-1-macbook-usb-c-hub-thunderbolt-3-premium-adapter","btn_secondary_text":"","btn_secondary_url":""}}},"block_order":["slide_Q4UPQq"],"settings":{"bg_color":"bg-body","bg_opacity":100,"bg_gradient":"","text_color":"text-white","border_top_width":0,"border_bottom_width":0,"border_color":"border-body","border_opacity":100,"carousel_controls":true,"carousel_indicators":true,"carousel_transition":"slide","carousel_transition_duration":500,"carousel_autoplay":5,"carousel_effect":"carousel-zoom-in","media_mobile_height":500,"media_desktop_height":700,"media_adapt":false,"media_full":true,"caption_max_width":"900","caption_position":"carousel-caption-center","subtitle_font_size":"fs-md","title_font_size":"h2","description_font_size":"fs-lg","btn_primary_color":"btn-primary","btn_secondary_color":"btn-secondary","btn_font_size":"fs-md","pt":0,"pb":0}},"richtext_4miPYL":{"type":"richtext","settings":{"bg_color":"bg-primary","bg_opacity":5,"bg_gradient":"","text_color":"text-body","border_top_width":1,"border_bottom_width":1,"border_color":"border-primary","border_opacity":100,"container_max_width":"900","text_align":"text-center","title":"Richtext","title_font_size":"h3","description":"<p>Add on optional description for this section<\/p>","description_font_size":"fs-md","btn_primary_text":"Primary button","btn_primary_url":"","btn_primary_color":"btn-primary","btn_secondary_text":"Secondary button","btn_secondary_url":"","btn_secondary_color":"btn-secondary","pt":12,"pb":12}},"featured_products_7tDaYR":{"type":"featured-products","name":"BUY SECTION","settings":{"bg_color":"bg-body","bg_opacity":100,"bg_gradient":"","text_color":"text-body","border_top_width":0,"border_bottom_width":0,"border_color":"border-body","border_opacity":100,"container_max_width":"","products":["6-in-1-macbook-usb-c-hub-thunderbolt-3-premium-adapter"],"collection":"","limit":2,"recommended_mode":false,"recommended_mode_intent":"complementary","header_title":"MacBook Hub","header_title_font_size":"h2","header_description":"<p>Premium 6-in-1 Hub<\/p>","header_description_font_size":"fs-md","slider_speed":300,"slider_navigation":true,"slider_pagination":false,"slider_pagination_type":"bullets","slider_scrollbar":false,"slider_partial_slides_mobile":false,"slider_autoplay":0,"breakpoint_mobile":1,"breakpoint_tablet":1,"breakpoint_desktop":1,"pt":5,"pb":5}},"html_Y7Cp8x":{"type":"html","name":"PRODUCT SPECIFICATIONS","settings":{"liquid":"<div style=\"max-width: 800px; margin: 60px auto; padding: 0 20px;\">\n  <h2 style=\"text-align: center; color: #1d1d1f; font-size: 2rem; margin-bottom: 40px; font-weight: 300;\">Teknik Özellikler<\/h2>\n  \n  <table style=\"width: 100%; border-collapse: collapse; background: white; border-radius: 12px; overflow: hidden; box-shadow: 0 4px 20px rgba(0,0,0,0.08);\">\n    <tr style=\"background: #f5f5f7;\">\n      <td style=\"padding: 20px; font-weight: 600; color: #1d1d1f; border-bottom: 1px solid #d2d2d7;\">Bağlantı<\/td>\n      <td style=\"padding: 20px; color: #424245; border-bottom: 1px solid #d2d2d7;\">Thunderbolt 3 (40Gbps)<\/td>\n    <\/tr>\n    <tr>\n      <td style=\"padding: 20px; font-weight: 600; color: #1d1d1f; border-bottom: 1px solid #d2d2d7;\">Video Çıkışı<\/td>\n      <td style=\"padding: 20px; color: #424245; border-bottom: 1px solid #d2d2d7;\">4K HDMI @ 60Hz<\/td>\n    <\/tr>\n    <tr style=\"background: #f5f5f7;\">\n      <td style=\"padding: 20px; font-weight: 600; color: #1d1d1f; border-bottom: 1px solid #d2d2d7;\">USB Portları<\/td>\n      <td style=\"padding: 20px; color: #424245; border-bottom: 1px solid #d2d2d7;\">2x USB 3.0 (5Gbps)<\/td>\n    <\/tr>\n    <tr>\n      <td style=\"padding: 20px; font-weight: 600; color: #1d1d1f; border-bottom: 1px solid #d2d2d7;\">Kart Okuyucu<\/td>\n      <td style=\"padding: 20px; color: #424245; border-bottom: 1px solid #d2d2d7;\">SD, MicroSD<\/td>\n    <\/tr>\n    <tr style=\"background: #f5f5f7;\">\n      <td style=\"padding: 20px; font-weight: 600; color: #1d1d1f; border-bottom: 1px solid #d2d2d7;\">Güç Desteği<\/td>\n      <td style=\"padding: 20px; color: #424245; border-bottom: 1px solid #d2d2d7;\">100W PD<\/td>\n    <\/tr>\n    <tr>\n      <td style=\"padding: 20px; font-weight: 600; color: #1d1d1f; border-bottom: 1px solid #d2d2d7;\">Boyutlar<\/td>\n      <td style=\"padding: 20px; color: #424245; border-bottom: 1px solid #d2d2d7;\">8.2 × 1.4 × 0.7 cm<\/td>\n    <\/tr>\n    <tr style=\"background: #f5f5f7;\">\n      <td style=\"padding: 20px; font-weight: 600; color: #1d1d1f;\">Ağırlık<\/td>\n      <td style=\"padding: 20px; color: #424245;\">17 gram<\/td>\n    <\/tr>\n  <\/table>\n<\/div>","bg_color":"bg-body","bg_opacity":100,"bg_gradient":"","text_color":"text-body","border_top_width":1,"border_bottom_width":0,"border_color":"border-body","border_opacity":10,"container":"container","container_max_width":"","text_align":"text-center","header_title":"","header_title_font_size":"h6","header_description":"","header_description_font_size":"fs-md","pt":0,"pb":2}},"html_fJqGMr":{"type":"html","name":"COMPATIBILITY MATRIX","settings":{"liquid":"<div style=\"max-width: 800px; margin: 60px auto; padding: 0 20px;\">\n  <h2 style=\"text-align: center; color: #1d1d1f; font-size: 2rem; margin-bottom: 40px; font-weight: 300;\">Uyumlu Modeller<\/h2>\n  \n  <div style=\"background: white; border-radius: 12px; overflow: hidden; box-shadow: 0 4px 20px rgba(0,0,0,0.08);\">\n    <div style=\"background: #1d1d1f; color: white; padding: 25px; text-align: center;\">\n      <h3 style=\"margin: 0; font-size: 1.5rem; font-weight: 400;\">MacBook Uyumluluğu<\/h3>\n    <\/div>\n    \n    <div style=\"padding: 30px;\">\n      <div style=\"margin-bottom: 25px;\">\n        <h4 style=\"color: #1d1d1f; margin-bottom: 15px; font-size: 1.2rem;\">MacBook Pro<\/h4>\n        <p style=\"color: #424245; margin: 0; line-height: 1.6;\">2016, 2017, 2018, 2019, 2020, 2021, 2022, 2023, 2024 modelleri ✓<\/p>\n      <\/div>\n      \n      <div style=\"margin-bottom: 25px;\">\n        <h4 style=\"color: #1d1d1f; margin-bottom: 15px; font-size: 1.2rem;\">MacBook Air<\/h4>\n        <p style=\"color: #424245; margin: 0; line-height: 1.6;\">2018, 2019, 2020, 2021, 2022, 2023, 2024 modelleri ✓<\/p>\n      <\/div>\n      \n      <div style=\"text-align: center; background: #f5f5f7; padding: 20px; border-radius: 8px;\">\n        <p style=\"margin: 0; color: #424245; font-weight: 500;\">Thunderbolt 3\/4 portlu tüm MacBook modelleri ile uyumlu<\/p>\n      <\/div>\n    <\/div>\n  <\/div>\n<\/div>","bg_color":"bg-body","bg_opacity":100,"bg_gradient":"","text_color":"text-body","border_top_width":0,"border_bottom_width":0,"border_color":"border-body","border_opacity":100,"container":"","container_max_width":"","text_align":"text-center","header_title":"","header_title_font_size":"h6","header_description":"","header_description_font_size":"fs-sm","pt":0,"pb":4}},"html_jTeHVJ":{"type":"html","name":"WHAT'S IN THE BOX","settings":{"liquid":"<div style=\"max-width: 900px; margin: 60px auto; padding: 0 20px;\">\n  <h2 style=\"text-align: center; color: #1d1d1f; font-size: 2rem; margin-bottom: 50px; font-weight: 300;\">Kullanım Alanları<\/h2>\n  \n  <div style=\"display: grid; grid-template-columns: repeat(auto-fit, minmax(400px, 1fr)); gap: 30px;\">\n    \n    <div style=\"background: white; padding: 25px; border-radius: 12px; box-shadow: 0 2px 15px rgba(0,0,0,0.06);\">\n      <h3 style=\"color: #1d1d1f; font-size: 1.2rem; margin-bottom: 10px; font-weight: 600;\">Ofis Sunumları<\/h3>\n      <p style=\"color: #6e6e73; line-height: 1.5; margin: 0;\">MacBook'unuzu projektöre veya monitöre bağlayın. 4K HDMI desteği ile mükemmel sunum kalitesi.<\/p>\n    <\/div>\n    \n    <div style=\"background: white; padding: 25px; border-radius: 12px; box-shadow: 0 2px 15px rgba(0,0,0,0.06);\">\n      <h3 style=\"color: #1d1d1f; font-size: 1.2rem; margin-bottom: 10px; font-weight: 600;\">Fotoğraf Transferi<\/h3>\n      <p style=\"color: #6e6e73; line-height: 1.5; margin: 0;\">DSLR fotoğraflarınızı SD kart ile anında aktarın. Profesyonel iş akışınızı hızlandırın.<\/p>\n    <\/div>\n    \n    <div style=\"background: white; padding: 25px; border-radius: 12px; box-shadow: 0 2px 15px rgba(0,0,0,0.06);\">\n      <h3 style=\"color: #1d1d1f; font-size: 1.2rem; margin-bottom: 10px; font-weight: 600;\">Çift Ekran Deneyimi<\/h3>\n      <p style=\"color: #6e6e73; line-height: 1.5; margin: 0;\">4K çözünürlükte harici monitör bağlantısı. Üretkenliğinizi ikiye katlayın.<\/p>\n    <\/div>\n    \n    <div style=\"background: white; padding: 25px; border-radius: 12px; box-shadow: 0 2px 15px rgba(0,0,0,0.06);\">\n      <h3 style=\"color: #1d1d1f; font-size: 1.2rem; margin-bottom: 10px; font-weight: 600;\">Aksesuar Bağlantısı<\/h3>\n      <p style=\"color: #6e6e73; line-height: 1.5; margin: 0;\">Mouse, klavye, harici disk bağlantısı. Tüm cihazlarınız tek hub ile erişilebilir.<\/p>\n    <\/div>\n    \n  <\/div>\n  \n<div style=\"text-align: center; margin-top: 40px; background: #f5f5f7; padding: 25px; border-radius: 12px;\">\n  <p style=\"color: #1d1d1f; font-size: 1.1rem; margin: 0; font-weight: 500;\">MacBook Pro için tasarlanan tek hub çözümü<\/p>\n<\/div>\n<\/div>","bg_color":"bg-body","bg_opacity":100,"bg_gradient":"","text_color":"text-body","border_top_width":0,"border_bottom_width":0,"border_color":"border-body","border_opacity":100,"container":"","container_max_width":"","text_align":"text-center","header_title":"","header_title_font_size":"h2","header_description":"","header_description_font_size":"fs-md","pt":0,"pb":10}}},"order":["hero_carousel_CmDneU","richtext_4miPYL","featured_products_7tDaYR","html_Y7Cp8x","html_fJqGMr","html_jTeHVJ"]}