{"type":"footer","name":"Footer Group","sections":{"html_yVcMa9":{"type":"html","name":"TRUST INDICATORS","settings":{"liquid":"<div style=\"max-width: 1000px; margin: 40px auto; padding: 30px 20px; background: #f5f5f7; border-radius: 16px;\">\n  <h2 style=\"text-align: center; color: #1d1d1f; font-size: 1.8rem; margin-bottom: 40px; font-weight: 300;\">MacBook İçin Tasarlandı<\/h2>\n  \n  <div style=\"display: grid; grid-template-columns: repeat(auto-fit, minmax(200px, 1fr)); gap: 30px; text-align: center;\">\n    \n    <div>\n      <h4 style=\"color: #1d1d1f; font-size: 1rem; margin-bottom: 8px; font-weight: 600;\">Apple Tasarım Dili<\/h4>\n      <p style=\"color: #6e6e73; font-size: 0.9rem; margin: 0; line-height: 1.4;\">MacBook'unuzla aynı estetik<\/p>\n    <\/div>\n    \n    <div>\n      <h4 style=\"color: #1d1d1f; font-size: 1rem; margin-bottom: 8px; font-weight: 600;\">Space Gray Alüminyum<\/h4>\n      <p style=\"color: #6e6e73; font-size: 0.9rem; margin: 0; line-height: 1.4;\">Premium finish, mükemmel uyum<\/p>\n    <\/div>\n    \n    <div>\n      <h4 style=\"color: #1d1d1f; font-size: 1rem; margin-bottom: 8px; font-weight: 600;\">Ultra Kompakt Form<\/h4>\n      <p style=\"color: #6e6e73; font-size: 0.9rem; margin: 0; line-height: 1.4;\">Sadece 7mm kalınlık<\/p>\n    <\/div>\n    \n    <div>\n      <h4 style=\"color: #1d1d1f; font-size: 1rem; margin-bottom: 8px; font-weight: 600;\">Invisible Integration<\/h4>\n      <p style=\"color: #6e6e73; font-size: 0.9rem; margin: 0; line-height: 1.4;\">Doğal uzantı gibi durur<\/p>\n    <\/div>\n    \n  <\/div>\n<\/div>","bg_color":"bg-body","bg_opacity":100,"bg_gradient":"","text_color":"text-body","border_top_width":0,"border_bottom_width":0,"border_color":"border-body","border_opacity":100,"container":"","container_max_width":"","text_align":"text-center","header_title":"","header_title_font_size":"h2","header_description":"","header_description_font_size":"fs-md","pt":0,"pb":10}},"newsletter_fL4LWF":{"type":"newsletter","settings":{"bg_color":"bg-secondary","bg_opacity":5,"bg_gradient":"bg-gradient","text_color":"text-body","border_top_width":1,"border_bottom_width":0,"border_color":"border-secondary","border_opacity":10,"container_max_width":"600","header_title":"Newsletter Subscribe","header_title_font_size":"h3","header_description":"<p>Add on optional description for this section<\/p>","header_description_font_size":"fs-md","btn_color":"btn-primary","btn_size":"","notice":"<p>By signing up for email, you agree to our <a href=\"\/policies\/terms-of-service\">Terms of Service<\/a> and <a href=\"\/policies\/privacy-policy\">Privacy Policy<\/a>.<\/p>","pt":11,"pb":11}},"footer":{"type":"footer","settings":{"bg_color":"bg-secondary","bg_opacity":100,"bg_gradient":"bg-gradient","text_color":"text-white","border_top_width":0,"border_bottom_width":0,"border_color":"border-white","border_opacity":100,"social_icons":true,"show_payment_icons":true,"show_powered_by":true,"pt":10,"pb":7}}},"order":["html_yVcMa9","newsletter_fL4LWF","footer"]}